[{
  "_id": {
    "$oid": "5fd7a838a4b1f48137ba3a52"
  },
  "Title": "Silence of the Lambs",
  "Description": "A young FBI cadet must receive the help of an incarcerated and manipulative cannibal killer to help catch another serial killer.",
  "Genre": {
    "Name": "Thriller",
    "Description": "Thriller film, also known as suspense film or suspense thriller, is a broad film genre that involves excitement and suspense in the audience."
  },
  "Director": {
    "Name": "Jonathan Demme",
    "Bio": "Robert Jonathan Demme was an American director, producer, and screenwriter.",
    "Birth": "1944",
    "Death": "2017"
  },
  "ImagePath": "silenceofthelambs.png",
  "Featured": true
},{
  "_id": {
    "$oid": "5fd84899a4b1f48137ba3a54"
  },
  "Title": "Rachel Getting Married",
  "Description": "A young woman who has been in and out of rehab for the past ten years, returns home for the weekend for her sister's wedding.",
  "Genre": {
    "Name": "Thriller",
    "Description": "Thriller film, also known as suspense film or suspense thriller, is a broad film genre that involves excitement and suspense in the audience."
  },
  "Director": {
    "Name": "Jonathan Demme",
    "Bio": "Robert Jonathan Demme was an American director, producer, and screenwriter.",
    "Birth": "1944",
    "Death": "2017"
  },
  "ImagePath": "https://m.media-amazon.com/images/M/MV5BMTU4MTQ0MzQwOF5BMl5BanBnXkFtZTcwODY1NDI5MQ@@._V1_UX182_CR0,0,182,268_AL_.jpg",
  "Featured": true
},{
  "_id": {
    "$oid": "5fd848b5a4b1f48137ba3a55"
  },
  "Title": "Philadelphia",
  "Description": "When a man with HIV is fired by his law firm because of his condition, he hires a homophobic small time lawyer as the only willing advocate for a wrongful dismissal suit.",
  "Genre": {
    "Name": "Drama",
    "Description": "Drama is a category of narrative fiction (or semi-fiction) intended to be more serious than humorous in tone."
  },
  "Director": {
    "Name": "Jonathan Demme",
    "Bio": "Robert Jonathan Demme was an American director, producer, and screenwriter.",
    "Birth": "1944",
    "Death": "2017"
  },
  "ImagePath": "https://m.media-amazon.com/images/M/MV5BNDE0MWE1ZTMtOWFkMS00YjdiLTkwZTItMDljYjY3MjM0NTk5XkEyXkFqcGdeQXVyNDYyMDk5MTU@._V1_UX182_CR0,0,182,268_AL_.jpg",
  "Featured": true
},{
  "_id": {
    "$oid": "5fd848cea4b1f48137ba3a56"
  },
  "Title": "Knocked Up",
  "Description": "For fun-loving party animal Ben Stone, the last thing he ever expected was for his one-night stand to show up on his doorstep eight weeks later to tell him she's pregnant with his child.",
  "Genre": {
    "Name": "Comedy",
    "Description": "comedy is a genre of fiction that refers to any discourse or work generally intended to be humorous or amusing by inducing laughter."
  },
  "Director": {
    "Name": "Judd Apatow",
    "Bio": "Judd Apatow is an American director, producer, and screenwriter.",
    "Birth": "1967",
    "Death": "null"
  },
  "ImagePath": "https://m.media-amazon.com/images/M/MV5BNzgzYjMzMWItNDFiYi00ZjhkLWIyMzYtZGRlY2FmNzkwNjRhL2ltYWdlXkEyXkFqcGdeQXVyMTQxNzMzNDI@._V1_UX182_CR0,0,182,268_AL_.jpg",
  "Featured": true
},{
  "_id": {
    "$oid": "5fd848cfa4b1f48137ba3a57"
  },
  "Title": "Adaptation",
  "Description": "A lovelorn screenwriter becomes desperate as he tries and fails to adapt 'The Orchid Thief' by Susan Orlean for the screen.",
  "Genre": {
    "Name": "Drama",
    "Description": "Drama is a category of narrative fiction (or semi-fiction) intended to be more serious than humorous in tone."
  },
  "Director": {
    "Name": "Jonathan Demme",
    "Bio": "Robert Jonathan Demme was an American director, producer, and screenwriter.",
    "Birth": "1944",
    "Death": "2017"
  },
  "ImagePath": "https://m.media-amazon.com/images/M/MV5BZjIwZWU0ZDItNzBlNS00MDIwLWFlZjctZTJjODdjZWYxNzczL2ltYWdlXkEyXkFqcGdeQXVyMTMxODk2OTU@._V1_UX182_CR0,0,182,268_AL_.jpg",
  "Featured": true
},{
  "_id": {
    "$oid": "5fd848d5a4b1f48137ba3a58"
  },
  "Title": "Knocked Up",
  "Description": "For fun-loving party animal Ben Stone, the last thing he ever expected was for his one-night stand to show up on his doorstep eight weeks later to tell him she's pregnant with his child.",
  "Genre": {
    "Name": "Comedy",
    "Description": "comedy is a genre of fiction that refers to any discourse or work generally intended to be humorous or amusing by inducing laughter."
  },
  "Director": {
    "Name": "Judd Apatow",
    "Bio": "Judd Apatow is an American director, producer, and screenwriter.",
    "Birth": "1967",
    "Death": "null"
  },
  "ImagePath": "https://m.media-amazon.com/images/M/MV5BNzgzYjMzMWItNDFiYi00ZjhkLWIyMzYtZGRlY2FmNzkwNjRhL2ltYWdlXkEyXkFqcGdeQXVyMTQxNzMzNDI@._V1_UX182_CR0,0,182,268_AL_.jpg",
  "Featured": true
},{
  "_id": {
    "$oid": "5fd848efa4b1f48137ba3a59"
  },
  "Title": "This is 40",
  "Description": "Pete and Debbie are both about to turn 40, their kids hate each other, both of their businesses are failing, they're on the verge of losing their house, and their relationship is threatening to fall apart.",
  "Genre": {
    "Name": "Comedy",
    "Description": "comedy is a genre of fiction that refers to any discourse or work generally intended to be humorous or amusing by inducing laughter."
  },
  "Director": {
    "Name": "Judd Apatow",
    "Bio": "Judd Apatow is an American director, producer, and screenwriter.",
    "Birth": "1967",
    "Death": "null"
  },
  "ImagePath": "https://m.media-amazon.com/images/M/MV5BNzQxMDQ1NjA4N15BMl5BanBnXkFtZTcwNTE5MjQ3OA@@._V1_UX182_CR0,0,182,268_AL_.jpg",
  "Featured": true
},{
  "_id": {
    "$oid": "5fd8490ba4b1f48137ba3a5a"
  },
  "Title": "The Undoing",
  "Description": "Left behind in the wake of a spreading and very public disaster and horrified by the ways in which she has failed to heed her own advice, Grace must dismantle one life and create another for her child and herself.",
  "Genre": {
    "Name": "Thriller",
    "Description": "Thriller film, also known as suspense film or suspense thriller, is a broad film genre that involves excitement and suspense in the audience."
  },
  "Director": {
    "Name": "David E. Kelley",
    "Bio": "David Kelley might be described as living the American Dream, 1990s style: write a screenplay, move to Hollywood, make millions and marry a movie star.",
    "Birth": "1956",
    "Death": "null"
  },
  "ImagePath": "https://m.media-amazon.com/images/M/MV5BNzY5YTcxMWYtYjFkZi00ZmI3LThmYjgtMzY0YjQzZWFkNzQ4XkEyXkFqcGdeQXVyMTkxNjUyNQ@@._V1_UX182_CR0,0,182,268_AL_.jpg",
  "Featured": true
},{
  "_id": {
    "$oid": "5fd8490ca4b1f48137ba3a5b"
  },
  "Title": "Big Little Lies",
  "Description": "Left behind in the wake of a spreading and very public disaster and horrified by the ways in which she has failed to heed her own advice, Grace must dismantle one life and create another for her child and herself.",
  "Genre": {
    "Name": "Thriller",
    "Description": "Thriller film, also known as suspense film or suspense thriller, is a broad film genre that involves excitement and suspense in the audience."
  },
  "Director": {
    "Name": "David E. Kelley",
    "Bio": "David Kelley might be described as living the American Dream, 1990s' style: write a screenplay, move to Hollywood, make millions and marry a movie star.",
    "Birth": "1956",
    "Death": "null"
  },
  "ImagePath": "https://m.media-amazon.com/images/M/MV5BNzY5YTcxMWYtYjFkZi00ZmI3LThmYjgtMzY0YjQzZWFkNzQ4XkEyXkFqcGdeQXVyMTkxNjUyNQ@@._V1_UX182_CR0,0,182,268_AL_.jpg",
  "Featured": true
},{
  "_id": {
    "$oid": "5fd8491aa4b1f48137ba3a5c"
  },
  "Title": "The Practice",
  "Description": "We follow the exploits and cases of defense attorneys of a Boston law firm. Bobby Donnell is the senior defense attorney and founder of the firm.",
  "Genre": {
    "Name": "Thriller",
    "Description": "Thriller film, also known as suspense film or suspense thriller, is a broad film genre that involves excitement and suspense in the audience."
  },
  "Director": {
    "Name": "David E. Kelley",
    "Bio": "David Kelley might be described as living the American Dream, 1990s' style: write a screenplay, move to Hollywood, make millions and marry a movie star.",
    "Birth": "1956",
    "Death": "null"
  },
  "ImagePath": "https://m.media-amazon.com/images/M/MV5BMTk0MDY5MTU3OF5BMl5BanBnXkFtZTcwNTc1OTQ0MQ@@._V1_UY268_CR10,0,182,268_AL_.jpg",
  "Featured": true
}]