[{
  "_id": {
    "$oid": "5fd7a84ea4b1f48137ba3a53"
  },
  "Username": "Elizabeth",
  "Password": "Webdev",
  "Email": "mercadoliz@gmail.com",
  "Birthday": {
    "$date": "1985-02-19T00:00:00Z"
  },
  "FavoriteMovies": []
},{
  "_id": {
    "$oid": "5fd8492ca4b1f48137ba3a5d"
  },
  "Username": "Anthony",
  "Password": "Wilson",
  "Email": "wilsonanthony@gmail.com",
  "Birthday": {
    "$date": "1987-07-30T00:00:00Z"
  },
  "FavoriteMovies": []
},{
  "_id": {
    "$oid": "5fd8492ca4b1f48137ba3a5e"
  },
  "Username": "Adrian",
  "Password": "Mercado",
  "Email": "mercadoadrian@gmail.com",
  "Birthday": {
    "$date": "2007-06-05T00:00:00Z"
  },
  "FavoriteMovies": []
},{
  "_id": {
    "$oid": "5fd8492ca4b1f48137ba3a5f"
  },
  "Username": "Mila",
  "Password": "Mercado",
  "Email": "mercadomila@gmail.com",
  "Birthday": {
    "$date": "2014-11-07T00:00:00Z"
  },
  "FavoriteMovies": []
},{
  "_id": {
    "$oid": "5fd8492ca4b1f48137ba3a60"
  },
  "Username": "Ana",
  "Password": "Mercado",
  "Email": "mercadoana@gmail.com",
  "Birthday": {
    "$date": "1985-02-26T00:00:00Z"
  },
  "FavoriteMovies": []
}]